{
  "listOfClaims" : [ {
    "damageCode" : "Lenkmuffe",
    "vehicleIdentifiers" : {
      "anonymizedVIN" : "ABC20654378784512",
      "vehicleCatenaXId" : "580d3adf-1981-44a0-a214"
    },
    "listOfDiagnosticSessionId" : [ "20221205-04" ],
    "customerComment" : "Lenkung ist defekt",
    "qualityTaskId" : "BPN-811_2022_000001",
    "technicianComment" : "Lenkung ist defekt",
    "repairMileage" : 10251,
    "claimId" : "a214-13d6",
    "listOfParts" : {
      "isPartCausal" : true,
      "sparePart" : {
        "name" : "Getriebe",
        "number" : "FZ206460050202212",
        "catenaXId" : "580d3adf-1981-44a0-a214-a123456789fc",
        "serialNumber" : "ECU20646005020221",
        "supplierId" : "ZF2064600502"
      },
      "replacedPart" : {
        "name" : "Getriebe",
        "number" : "FZ206460050202212",
        "catenaXId" : "580d3adf-1981-44a0-a214-a123456789fc",
        "serialNumber" : "ECU20646005020221",
        "supplierId" : "ZF2064600502"
      },
      "isPartReplaced" : true,
      "amountOfReplacedParts" : 2
    },
    "repairDate" : "2022-02-04T14:48:54"
  } ]
}