{
  "relatedModelType" : "fleet.claim_data",
  "files" : [ {
    "schema" : {
      "delimiter" : "semicolon",
      "variables" : [ {
        "unit" : "degreeCelsiusPerHour",
        "variableName" : "Price",
        "dataType" : "double",
        "variableDescription" : "This column contains the hourly temperature of a part"
      } ],
      "decimalSeperator" : "\"comma\", \"dot\""
    },
    "fileDescription" : "Price list for various components",
    "fileName" : "Histogramm_data.csv",
    "sizeInKb" : 615,
    "fileExtension" : "csv",
    "filePath" : "/subfolder/Histogramm_data.csv"
  } ],
  "qualityTaskId" : "BPN-811_2022_000001"
}