{
  "listOfManufacturedParts" : [ {
    "manufacturerId" : "123-0.740-3434-A",
    "manufacturingInformation" : {
      "date" : "2022-02-04T14:48:54",
      "hasBeenReworked" : false,
      "country" : "DEU",
      "productionLine" : "Line_1",
      "plantDescription" : "Feuerbach Plant",
      "plantId" : "00001",
      "batchId" : "20220204_466",
      "addtionalInformation" : [ {
        "value" : "Stainless steel",
        "key" : "Steel quality"
      } ],
      "numberOfConductedEOLTests" : 1
    },
    "catenaXId" : "urn:uuid:580d3adf-1981-44a0-a214-13d6ceed9001",
    "qualityTaskId" : "BPN-811_2022_000001",
    "nameAtManufacturer" : "Steering assembly",
    "manufacturerSerialPartNumber" : "436347347.4343884384.FTG.538348"
  } ]
}