{
  "diagnosticSessions" : [ {
    "eventList" : [ {
      "eventDescription" : "Calibration of ABS ecu with calib file - see value",
      "eventId" : "ABS_CAL1234",
      "ecuSerialPartNumber" : "74343070GHKER73727",
      "eventValue" : "CAL366474-4848",
      "dtcHexValue" : "4337499FF",
      "eventCreationDate" : "2022-01-30T14:00:00"
    } ],
    "envConditionList" : [ {
      "ecuSerialPartNumber" : "74343070GHKER73727",
      "conditionId" : "DTC1_EnvCond1",
      "conditionCreationDate" : "2022-01-28T14:48:54",
      "dtcHexValue" : "4337499FF",
      "conditionValue" : 2000.0,
      "conditionDescription" : "RPM",
      "measurementUnit" : "rpm"
    } ],
    "qualityTaskId" : "BPN-811_2022_000001",
    "countryCode" : "DEU",
    "workshop" : {
      "catenaXId" : "urn:uuid:580d3adf-1981-44a0-a214-13d6ceed9379",
      "workShopId" : "4563328",
      "latitude" : 9.19968,
      "longitude" : 48.77765
    },
    "dtcList" : [ {
      "ecuSerialPartNumber" : "74343070GHKER73727",
      "dtcHexValue" : "4337499FF",
      "faultPath" : "1000761",
      "occurenceDateTime" : "2022-01-30T14:48:54",
      "fullName" : "P0573-00",
      "faultPathDescription" : "shortage to plus",
      "fullDescription" : "Brake Switch \"A\" Circuit High-no sub type information",
      "type" : "Error",
      "occurenceMileage" : 15000,
      "state" : "permanent",
      "occurenceCounterTotal" : 10,
      "freezeFrame" : "100148340349340",
      "isMilOn" : true
    } ],
    "sessionId" : "3747429FGH382923974682",
    "creationDate" : "2022-02-04T14:48:54",
    "mileage" : 23500,
    "vehicle" : {
      "catenaXId" : "urn:uuid:580d3adf-1981-44a0-a214-13d6ceed9379",
      "anonymizedVIN" : "3747429FGH382923974682",
      "softwareCategory" : "TZGH64738",
      "softwareVersion" : "3.5.0001.001"
    },
    "ecuList" : [ {
      "catenaXId" : "urn:uuid:580d3adf-1981-44a0-a214-13d6ceed9379",
      "ecuSerialPartNumber" : "74343070GHKER73727",
      "swVersion" : "0001",
      "swPartNumber" : "04C906026BH",
      "assemblyPartNumber" : "V03935278E",
      "assemblyPartNumberVersion" : "0001",
      "name" : "ABS",
      "description" : "Anti blocking control unit",
      "hwPartNumber" : "04C907309AE",
      "readOutDate" : "2022-01-30T14:45:54",
      "hwVersion" : "0556A"
    } ]
  } ]
}